{
    "Ansi 3 Color" : {
      "Red Component" : 0.89019608497619629,
      "Color Space" : "sRGB",
      "Blue Component" : 0.25490197539329529,
      "Alpha Component" : 1,
      "Green Component" : 0.70196080207824707
    },
    "Tags" : [
  
    ],
    "Ansi 12 Color" : {
      "Red Component" : 0.42352941632270813,
      "Color Space" : "sRGB",
      "Blue Component" : 0.97254902124404907,
      "Alpha Component" : 1,
      "Green Component" : 0.64313727617263794
    },
    "Ansi 7 Color" : {
      "Red Component" : 1,
      "Color Space" : "sRGB",
      "Blue Component" : 1,
      "Alpha Component" : 1,
      "Green Component" : 1
    },
    "Ansi 8 Color" : {
      "Red Component" : 0.30000001192092896,
      "Color Space" : "sRGB",
      "Blue Component" : 0.30000001192092896,
      "Alpha Component" : 1,
      "Green Component" : 0.30000001192092896
    },
    "Bold Color" : {
      "Red Component" : 0.78823530673980713,
      "Color Space" : "sRGB",
      "Blue Component" : 0.85098040103912354,
      "Alpha Component" : 1,
      "Green Component" : 0.81960785388946533
    },
    "Ansi 9 Color" : {
      "Red Component" : 0.9686274528503418,
      "Color Space" : "sRGB",
      "Blue Component" : 0.40000000596046448,
      "Alpha Component" : 1,
      "Green Component" : 0.5058823823928833
    },
    "Ansi 4 Color" : {
      "Red Component" : 0.42352941632270813,
      "Color Space" : "sRGB",
      "Blue Component" : 0.97254902124404907,
      "Alpha Component" : 1,
      "Green Component" : 0.64313727617263794
    },
    "Ansi 5 Color" : {
      "Red Component" : 0.85882353782653809,
      "Color Space" : "sRGB",
      "Blue Component" : 0.63529413938522339,
      "Alpha Component" : 1,
      "Green Component" : 0.3803921639919281
    },
    "Rows" : 40,
    "Default Bookmark" : "No",
    "Cursor Guide Color" : {
      "Red Component" : 0.70213186740875244,
      "Color Space" : "sRGB",
      "Blue Component" : 1,
      "Alpha Component" : 0.25,
      "Green Component" : 0.9268307089805603
    },
    "Non-ASCII Anti Aliased" : true,
    "Use Bright Bold" : true,
    "Ansi 10 Color" : {
      "Red Component" : 0.33725491166114807,
      "Color Space" : "sRGB",
      "Blue Component" : 0.39215686917304993,
      "Alpha Component" : 1,
      "Green Component" : 0.82745099067687988
    },
    "Ambiguous Double Width" : false,
    "Jobs to Ignore" : [
      "rlogin",
      "ssh",
      "slogin",
      "telnet"
    ],
    "Ansi 15 Color" : {
      "Red Component" : 1,
      "Color Space" : "sRGB",
      "Blue Component" : 1,
      "Alpha Component" : 1,
      "Green Component" : 1
    },
    "Foreground Color" : {
      "Red Component" : 0.54509806632995605,
      "Color Space" : "sRGB",
      "Blue Component" : 0.61960786581039429,
      "Alpha Component" : 1,
      "Green Component" : 0.58039218187332153
    },
    "Working Directory" : "\/Users\/david",
    "Blinking Cursor" : false,
    "Disable Window Resizing" : true,
    "Sync Title" : false,
    "Prompt Before Closing 2" : false,
    "BM Growl" : true,
    "Command" : "",
    "Description" : "Default",
    "Mouse Reporting" : true,
    "Screen" : -1,
    "Selection Color" : {
      "Red Component" : 0.23137255012989044,
      "Color Space" : "sRGB",
      "Blue Component" : 0.43921568989753723,
      "Alpha Component" : 1,
      "Green Component" : 0.31372550129890442
    },
    "Columns" : 100,
    "Idle Code" : 0,
    "Ansi 13 Color" : {
      "Red Component" : 0.85882353782653809,
      "Color Space" : "sRGB",
      "Blue Component" : 0.63529413938522339,
      "Alpha Component" : 1,
      "Green Component" : 0.3803921639919281
    },
    "Custom Command" : "No",
    "ASCII Anti Aliased" : true,
    "Non Ascii Font" : "Monaco 12",
    "Vertical Spacing" : 1,
    "Use Bold Font" : true,
    "Option Key Sends" : 0,
    "Selected Text Color" : {
      "Red Component" : 1,
      "Color Space" : "sRGB",
      "Blue Component" : 1,
      "Alpha Component" : 1,
      "Green Component" : 1
    },
    "Background Color" : {
      "Red Component" : 0.062745101749897003,
      "Color Space" : "sRGB",
      "Blue Component" : 0.086274512112140656,
      "Alpha Component" : 1,
      "Green Component" : 0.070588238537311554
    },
    "Character Encoding" : 4,
    "Ansi 11 Color" : {
      "Red Component" : 0.89019608497619629,
      "Color Space" : "sRGB",
      "Blue Component" : 0.25490197539329529,
      "Alpha Component" : 1,
      "Green Component" : 0.70196080207824707
    },
    "Use Italic Font" : true,
    "Unlimited Scrollback" : true,
    "Keyboard Map" : {
  
    },
    "Window Type" : 0,
    "Background Image Location" : "",
    "Blur" : false,
    "Badge Color" : {
      "Red Component" : 0.21960784494876862,
      "Color Space" : "sRGB",
      "Blue Component" : 0.99215686321258545,
      "Alpha Component" : 0.5,
      "Green Component" : 0.54509806632995605
    },
    "Scrollback Lines" : 0,
    "Send Code When Idle" : false,
    "Close Sessions On End" : true,
    "Terminal Type" : "xterm-256color",
    "Visual Bell" : true,
    "Flashing Bell" : false,
    "Silence Bell" : false,
    "Use Underline Color" : true,
    "Ansi 14 Color" : {
      "Red Component" : 0.16862745583057404,
      "Color Space" : "sRGB",
      "Blue Component" : 0.5372549295425415,
      "Alpha Component" : 1,
      "Green Component" : 0.45490196347236633
    },
    "ASCII Ligatures" : false,
    "Name" : "Default",
    "Cursor Text Color" : {
      "Red Component" : 0.062745101749897003,
      "Color Space" : "sRGB",
      "Blue Component" : 0.086274512112140656,
      "Alpha Component" : 1,
      "Green Component" : 0.070588238537311554
    },
    "Match Background Color" : {
      "Red Component" : 1,
      "Color Space" : "P3",
      "Blue Component" : 0,
      "Alpha Component" : 1,
      "Green Component" : 1
    },
    "Shortcut" : "",
    "Cursor Color" : {
      "Red Component" : 0.78823530673980713,
      "Color Space" : "sRGB",
      "Blue Component" : 0.85098040103912354,
      "Alpha Component" : 1,
      "Green Component" : 0.81960785388946533
    },
    "Ansi 0 Color" : {
      "Red Component" : 0,
      "Color Space" : "sRGB",
      "Blue Component" : 0,
      "Alpha Component" : 1,
      "Green Component" : 0
    },
    "Guid" : "4B6BDFEE-CAA1-4C56-9B00-3EF59271211E",
    "Horizontal Spacing" : 1,
    "Transparency" : 0,
    "Ansi 1 Color" : {
      "Red Component" : 0.9686274528503418,
      "Color Space" : "sRGB",
      "Blue Component" : 0.40000000596046448,
      "Alpha Component" : 1,
      "Green Component" : 0.5058823823928833
    },
    "Ansi 2 Color" : {
      "Red Component" : 0.33725491166114807,
      "Color Space" : "sRGB",
      "Blue Component" : 0.39215686917304993,
      "Alpha Component" : 1,
      "Green Component" : 0.82745099067687988
    },
    "Use Non-ASCII Font" : false,
    "Ansi 6 Color" : {
      "Red Component" : 0.16862745583057404,
      "Color Space" : "sRGB",
      "Blue Component" : 0.5372549295425415,
      "Alpha Component" : 1,
      "Green Component" : 0.45490196347236633
    },
    "Normal Font" : "CascadiaCode-Light 22",
    "Link Color" : {
      "Red Component" : 0.34509804844856262,
      "Color Space" : "sRGB",
      "Blue Component" : 1,
      "Alpha Component" : 1,
      "Green Component" : 0.65098041296005249
    },
    "Custom Directory" : "No",
    "Right Option Key Sends" : 0
  }